,confirmed,country,date,deaths,province,recovered
37,1,South Korea,01/22/2020,0,,0
15,0,China,01/22/2020,0,Inner Mongolia,0
14,4,China,01/22/2020,0,Hunan,0
13,444,China,01/22/2020,0,Hubei,0
12,0,China,01/22/2020,0,Hong Kong,0
11,5,China,01/22/2020,0,Henan,0
10,0,China,01/22/2020,0,Heilongjiang,0
9,1,China,01/22/2020,0,Hebei,0
16,1,China,01/22/2020,0,Jiangsu,0
8,4,China,01/22/2020,0,Hainan,0
6,2,China,01/22/2020,0,Guangxi,0
5,26,China,01/22/2020,0,Guangdong,0
4,0,China,01/22/2020,0,Gansu,0
3,1,China,01/22/2020,0,Fujian,0
2,6,China,01/22/2020,0,Chongqing,0
1,14,China,01/22/2020,0,Beijing,0
0,1,China,01/22/2020,0,Anhui,0
7,1,China,01/22/2020,0,Guizhou,0
17,2,China,01/22/2020,0,Jiangxi,0
36,2,Thailand,01/22/2020,0,,0
19,2,China,01/22/2020,0,Liaoning,0
18,0,China,01/22/2020,0,Jilin,0
35,2,Japan,01/22/2020,0,,0
34,10,China,01/22/2020,0,Zhejiang,0
33,1,China,01/22/2020,0,Yunnan,0
31,1,US,01/22/2020,0,Washington,0
30,0,China,01/22/2020,0,Tibet,0
29,4,China,01/22/2020,0,Tianjin,0
28,1,China,01/22/2020,0,Taiwan,0
32,0,China,01/22/2020,0,Xinjiang,0
26,1,China,01/22/2020,0,Shanxi,0
25,9,China,01/22/2020,0,Shanghai,0
24,2,China,01/22/2020,0,Shandong,0
23,0,China,01/22/2020,0,Shaanxi,0
22,0,China,01/22/2020,0,Qinghai,0
21,1,China,01/22/2020,0,Ningxia,0
20,1,China,01/22/2020,0,Macau,0
27,5,China,01/22/2020,0,Sichuan,0
13,444,Mainland China,01/23/2020,0,Hubei,0
14,9,Mainland China,01/23/2020,0,Hunan,0
15,0,Mainland China,01/23/2020,0,Inner Mongolia,0
16,5,Mainland China,01/23/2020,0,Jiangsu,0
20,2,Macau,01/23/2020,0,Macau,0
18,1,Mainland China,01/23/2020,0,Jilin,0
19,3,Mainland China,01/23/2020,0,Liaoning,0
12,2,Hong Kong,01/23/2020,0,Hong Kong,0
17,7,Mainland China,01/23/2020,0,Jiangxi,0
11,5,Mainland China,01/23/2020,0,Henan,0
2,9,Mainland China,01/23/2020,0,Chongqing,0
9,1,Mainland China,01/23/2020,0,Hebei,0
8,5,Mainland China,01/23/2020,0,Hainan,0
7,3,Mainland China,01/23/2020,0,Guizhou,0
6,5,Mainland China,01/23/2020,0,Guangxi,0
5,32,Mainland China,01/23/2020,0,Guangdong,0
4,2,Mainland China,01/23/2020,0,Gansu,0
3,5,Mainland China,01/23/2020,0,Fujian,0
21,1,Mainland China,01/23/2020,0,Ningxia,0
1,22,Mainland China,01/23/2020,0,Beijing,0
10,2,Mainland China,01/23/2020,0,Heilongjiang,0
22,0,Mainland China,01/23/2020,0,Qinghai,0
0,9,Mainland China,01/23/2020,0,Anhui,0
24,6,Mainland China,01/23/2020,0,Shandong,0
44,0,Brazil,01/23/2020,0,,0
43,0,Mexico,01/23/2020,0,,0
42,0,Australia,01/23/2020,0,,0
41,2,Vietnam,01/23/2020,0,,0
40,0,Malaysia,01/23/2020,0,,0
39,0,Philippines,01/23/2020,0,,0
38,1,Singapore,01/23/2020,0,,0
37,1,South Korea,01/23/2020,0,,0
36,3,Thailand,01/23/2020,0,,0
35,1,Japan,01/23/2020,0,,0
45,0,Colombia,01/23/2020,0,,0
33,2,Mainland China,01/23/2020,0,Yunnan,0
34,27,Mainland China,01/23/2020,0,Zhejiang,0
25,16,Mainland China,01/23/2020,0,Shanghai,0
26,1,Mainland China,01/23/2020,0,Shanxi,0
27,8,Mainland China,01/23/2020,0,Sichuan,0
23,3,Mainland China,01/23/2020,0,Shaanxi,0
29,4,Mainland China,01/23/2020,0,Tianjin,0
30,0,Mainland China,01/23/2020,0,Tibet,0
31,1,US,01/23/2020,0,Washington,0
32,2,Mainland China,01/23/2020,0,Xinjiang,0
28,1,Taiwan,01/23/2020,0,Taiwan,0
18,5,Mainland China,01/24/2020,0,Shaanxi,0
17,5,Mainland China,01/24/2020,0,Yunnan,0
16,8,Mainland China,01/24/2020,0,Tianjin,0
15,8,Mainland China,01/24/2020,0,Hainan,0
14,9,Mainland China,01/24/2020,0,Jiangsu,0
13,9,Mainland China,01/24/2020,0,Henan,0
12,10,Mainland China,01/24/2020,0,Fujian,0
11,15,Mainland China,01/24/2020,0,Anhui,0
10,15,Mainland China,01/24/2020,0,Shandong,0
8,18,Mainland China,01/24/2020,0,Jiangxi,0
7,20,Mainland China,01/24/2020,0,Shanghai,1
6,23,Mainland China,01/24/2020,0,Guangxi,0
4,27,Mainland China,01/24/2020,0,Chongqing,0
3,36,Mainland China,01/24/2020,0,Beijing,1
2,43,Mainland China,01/24/2020,0,Zhejiang,1
1,53,Mainland China,01/24/2020,0,Guangdong,2
0,549,Mainland China,01/24/2020,24,Hubei,31
19,4,Mainland China,01/24/2020,1,Heilongjiang,0
9,15,Mainland China,01/24/2020,0,Sichuan,0
5,24,Mainland China,01/24/2020,0,Hunan,0
20,4,Mainland China,01/24/2020,0,Liaoning,0
22,3,Mainland China,01/24/2020,0,Jilin,0
21,3,Mainland China,01/24/2020,0,Guizhou,0
40,2,France,01/24/2020,0,,0
39,2,Vietnam,01/24/2020,0,,0
38,3,Singapore,01/24/2020,0,,0
37,2,South Korea,01/24/2020,0,,0
35,2,Japan,01/24/2020,0,,0
34,1,US,01/24/2020,0,Chicago,0
33,1,US,01/24/2020,0,Washington,0
32,0,Mainland China,01/24/2020,0,Qinghai,0
36,5,Thailand,01/24/2020,0,,0
30,1,Mainland China,01/24/2020,0,Shanxi,0
29,2,Mainland China,01/24/2020,0,Xinjiang,0
28,2,Mainland China,01/24/2020,0,Gansu,0
27,2,Mainland China,01/24/2020,1,Hebei,0
26,2,Macau,01/24/2020,0,Macau,0
25,2,Hong Kong,01/24/2020,0,Hong Kong,0
24,2,Mainland China,01/24/2020,0,Ningxia,0
31,1,Mainland China,01/24/2020,0,Inner Mongolia,0
23,3,Taiwan,01/24/2020,0,Taiwan,0
12,33,Mainland China,01/25/2020,0,Guangxi,0
13,31,Mainland China,01/25/2020,0,Jiangsu,1
14,19,Mainland China,01/25/2020,0,Hainan,0
18,15,Mainland China,01/25/2020,0,Shaanxi,0
16,18,Mainland China,01/25/2020,1,Fujian,0
17,15,Mainland China,01/25/2020,0,Heilongjiang,0
11,36,Mainland China,01/25/2020,0,Jiangxi,0
15,19,Mainland China,01/25/2020,0,Liaoning,0
10,39,Mainland China,01/25/2020,0,Shandong,0
0,1052,Mainland China,01/25/2020,52,Hubei,42
8,44,Mainland China,01/25/2020,0,Sichuan,0
7,51,Mainland China,01/25/2020,0,Beijing,2
6,60,Mainland China,01/25/2020,0,Anhui,0
5,69,Mainland China,01/25/2020,0,Hunan,0
4,75,Mainland China,01/25/2020,0,Chongqing,0
3,83,Mainland China,01/25/2020,1,Henan,0
2,98,Mainland China,01/25/2020,0,Guangdong,2
1,104,Mainland China,01/25/2020,0,Zhejiang,1
19,13,Mainland China,01/25/2020,0,Tianjin,0
9,40,Mainland China,01/25/2020,1,Shanghai,1
20,13,Mainland China,01/25/2020,1,Hebei,0
37,3,South Korea,01/25/2020,0,,0
22,9,Mainland China,01/25/2020,0,Shanxi,0
21,11,Mainland China,01/25/2020,0,Yunnan,0
42,1,Nepal,01/25/2020,0,,0
41,4,Australia,01/25/2020,0,,0
40,3,France,01/25/2020,0,,0
39,2,Vietnam,01/25/2020,0,,0
38,3,Singapore,01/25/2020,0,,0
36,7,Thailand,01/25/2020,0,,0
35,2,Japan,01/25/2020,0,,0
34,1,US,01/25/2020,0,Illinois,0
33,1,US,01/25/2020,0,Washington,0
43,3,Malaysia,01/25/2020,0,,0
31,2,Macau,01/25/2020,0,Macau,0
32,1,Mainland China,01/25/2020,0,Qinghai,0
24,7,Mainland China,01/25/2020,0,Gansu,0
25,5,Mainland China,01/25/2020,0,Guizhou,0
26,5,Hong Kong,01/25/2020,0,Hong Kong,0
23,7,Mainland China,01/25/2020,0,Inner Mongolia,0
28,4,Mainland China,01/25/2020,0,Jilin,0
29,4,Mainland China,01/25/2020,0,Xinjiang,0
30,3,Taiwan,01/25/2020,0,Taiwan,0
27,4,Mainland China,01/25/2020,0,Ningxia,0
12,47,Mainland China,01/26/2020,0,Jiangsu,1
20,18,Mainland China,01/26/2020,1,Hebei,0
19,19,Mainland China,01/26/2020,0,Yunnan,0
18,21,Mainland China,01/26/2020,1,Heilongjiang,0
17,22,Mainland China,01/26/2020,0,Shaanxi,0
16,22,Mainland China,01/26/2020,0,Hainan,0
15,23,Mainland China,01/26/2020,0,Liaoning,0
14,35,Mainland China,01/26/2020,0,Fujian,0
13,46,Mainland China,01/26/2020,0,Guangxi,0
11,48,Mainland China,01/26/2020,0,Jiangxi,0
0,1423,Mainland China,01/26/2020,76,Hubei,44
9,63,Mainland China,01/26/2020,0,Shandong,0
8,68,Mainland China,01/26/2020,0,Beijing,2
7,69,Mainland China,01/26/2020,0,Sichuan,0
6,70,Mainland China,01/26/2020,0,Anhui,0
5,100,Mainland China,01/26/2020,0,Hunan,0
4,110,Mainland China,01/26/2020,0,Chongqing,0
3,128,Mainland China,01/26/2020,1,Henan,0
2,128,Mainland China,01/26/2020,0,Zhejiang,1
1,146,Mainland China,01/26/2020,0,Guangdong,2
10,53,Mainland China,01/26/2020,1,Shanghai,1
22,14,Mainland China,01/26/2020,0,Gansu,0
21,14,Mainland China,01/26/2020,0,Tianjin,0
24,11,Mainland China,01/26/2020,0,Inner Mongolia,0
23,13,Mainland China,01/26/2020,0,Shanxi,0
46,1,Canada,01/26/2020,0,Ontario,0
45,4,Malaysia,01/26/2020,0,,0
44,1,Nepal,01/26/2020,0,,0
43,4,Australia,01/26/2020,0,,0
42,3,France,01/26/2020,0,,0
40,4,Singapore,01/26/2020,0,,0
39,3,South Korea,01/26/2020,0,,0
38,8,Thailand,01/26/2020,0,,2
37,4,Japan,01/26/2020,0,,1
36,1,US,01/26/2020,0,Arizona,0
41,2,Vietnam,01/26/2020,0,,0
34,1,US,01/26/2020,0,Illinois,0
33,1,US,01/26/2020,0,Washington,0
32,4,Mainland China,01/26/2020,0,Qinghai,0
31,4,Taiwan,01/26/2020,0,Taiwan,0
30,4,Mainland China,01/26/2020,0,Ningxia,0
29,5,Mainland China,01/26/2020,0,Xinjiang,0
28,6,Macau,01/26/2020,0,Macau,0
27,6,Mainland China,01/26/2020,0,Jilin,0
26,7,Mainland China,01/26/2020,0,Guizhou,0
35,2,US,01/26/2020,0,California,0
25,8,Hong Kong,01/26/2020,0,Hong Kong,0
15,35,Mainland China,01/27/2020,0,Shaanxi,0
16,33,Mainland China,01/27/2020,1,Hainan,0
17,33,Mainland China,01/27/2020,1,Hebei,0
18,30,Mainland China,01/27/2020,1,Heilongjiang,0
22,20,Mainland China,01/27/2020,0,Shanxi,0
20,26,Mainland China,01/27/2020,0,Yunnan,0
21,23,Mainland China,01/27/2020,0,Tianjin,0
23,19,Mainland China,01/27/2020,0,Gansu,0
14,51,Mainland China,01/27/2020,0,Guangxi,0
19,27,Mainland China,01/27/2020,0,Liaoning,0
13,59,Mainland China,01/27/2020,0,Fujian,0
1,173,Mainland China,01/27/2020,0,Zhejiang,1
11,70,Mainland China,01/27/2020,0,Jiangsu,1
10,72,Mainland China,01/27/2020,0,Jiangxi,2
9,80,Mainland China,01/27/2020,1,Beijing,2
8,87,Mainland China,01/27/2020,1,Shandong,0
7,90,Mainland China,01/27/2020,0,Sichuan,0
6,100,Mainland China,01/27/2020,0,Hunan,0
5,106,Mainland China,01/27/2020,0,Anhui,0
4,132,Mainland China,01/27/2020,0,Chongqing,0
3,151,Mainland China,01/27/2020,0,Guangdong,4
2,168,Mainland China,01/27/2020,1,Henan,0
0,2714,Mainland China,01/27/2020,100,Hubei,47
12,66,Mainland China,01/27/2020,1,Shanghai,3
24,11,Mainland China,01/27/2020,0,Inner Mongolia,0
29,6,Macau,01/27/2020,0,Macau,0
26,8,Hong Kong,01/27/2020,0,Hong Kong,0
25,9,Mainland China,01/27/2020,0,Guizhou,0
51,1,Germany,01/27/2020,0,Bavaria,0
50,1,Australia,01/27/2020,0,Victoria,0
49,4,Australia,01/27/2020,0,New South Wales,0
48,0,Ivory Coast,01/27/2020,0,,0
47,1,Sri Lanka,01/27/2020,0,,0
46,1,Cambodia,01/27/2020,0,,0
45,1,Canada,01/27/2020,0,Ontario,0
44,4,Malaysia,01/27/2020,0,,0
43,1,Nepal,01/27/2020,0,,0
42,3,France,01/27/2020,0,,0
41,2,Vietnam,01/27/2020,0,,0
39,4,South Korea,01/27/2020,0,,0
40,5,Singapore,01/27/2020,0,,0
38,8,Thailand,01/27/2020,0,,2
37,4,Japan,01/27/2020,0,,1
36,1,US,01/27/2020,0,Arizona,0
35,2,US,01/27/2020,0,California,0
34,1,US,01/27/2020,0,Illinois,0
33,1,US,01/27/2020,0,Washington,0
32,5,Mainland China,01/27/2020,0,Xinjiang,0
31,5,Taiwan,01/27/2020,0,Taiwan,0
30,6,Mainland China,01/27/2020,0,Qinghai,0
28,6,Mainland China,01/27/2020,0,Jilin,0
27,7,Mainland China,01/27/2020,0,Ningxia,0
14,58,Mainland China,01/28/2020,0,Guangxi,2
15,56,Mainland China,01/28/2020,0,Shaanxi,0
16,48,Mainland China,01/28/2020,1,Hebei,0
18,43,Mainland China,01/28/2020,1,Hainan,0
17,44,Mainland China,01/28/2020,0,Yunnan,0
20,36,Mainland China,01/28/2020,0,Liaoning,0
21,27,Mainland China,01/28/2020,0,Shanxi,0
22,25,Mainland China,01/28/2020,0,Tianjin,0
13,80,Mainland China,01/28/2020,1,Shanghai,4
19,37,Mainland China,01/28/2020,1,Heilongjiang,0
12,82,Mainland China,01/28/2020,0,Fujian,0
6,147,Mainland China,01/28/2020,0,Chongqing,1
10,99,Mainland China,01/28/2020,0,Jiangsu,1
9,108,Mainland China,01/28/2020,0,Sichuan,0
8,109,Mainland China,01/28/2020,0,Jiangxi,3
7,121,Mainland China,01/28/2020,0,Shandong,0
23,24,Mainland China,01/28/2020,0,Gansu,0
5,152,Mainland China,01/28/2020,0,Anhui,0
4,206,Mainland China,01/28/2020,2,Henan,1
3,221,Mainland China,01/28/2020,0,Hunan,0
2,241,Mainland China,01/28/2020,0,Guangdong,5
1,296,Mainland China,01/28/2020,0,Zhejiang,3
0,3554,Mainland China,01/28/2020,125,Hubei,80
11,91,Mainland China,01/28/2020,1,Beijing,4
24,16,Mainland China,01/28/2020,0,Inner Mongolia,0
25,13,Mainland China,01/28/2020,0,Xinjiang,0
26,12,Mainland China,01/28/2020,0,Ningxia,0
51,4,Germany,01/28/2020,0,Bavaria,0
50,1,Australia,01/28/2020,0,Victoria,0
49,4,Australia,01/28/2020,0,New South Wales,0
48,1,Sri Lanka,01/28/2020,0,,0
47,1,Cambodia,01/28/2020,0,,0
46,1,Canada,01/28/2020,0,British Columbia,0
45,1,Canada,01/28/2020,0,Ontario,0
43,1,Nepal,01/28/2020,0,,0
42,4,France,01/28/2020,0,,0
41,2,Vietnam,01/28/2020,0,,0
40,7,Singapore,01/28/2020,0,,0
39,4,South Korea,01/28/2020,0,,0
44,7,Malaysia,01/28/2020,0,,0
37,7,Japan,01/28/2020,0,,1
36,1,US,01/28/2020,0,Arizona,0
35,2,US,01/28/2020,0,California,0
34,1,US,01/28/2020,0,Illinois,0
33,1,US,01/28/2020,0,Washington,0
32,6,Mainland China,01/28/2020,0,Qinghai,0
31,7,Macau,01/28/2020,0,Macau,0
30,8,Taiwan,01/28/2020,0,Taiwan,0
29,8,Hong Kong,01/28/2020,0,Hong Kong,0
28,9,Mainland China,01/28/2020,0,Jilin,0
38,14,Thailand,01/28/2020,0,,5
27,9,Mainland China,01/28/2020,0,Guizhou,0
15,65,Mainland China,01/29/2020,1,Hebei,0
16,56,Mainland China,01/29/2020,0,Shaanxi,0
17,55,Mainland China,01/29/2020,0,Yunnan,0
18,43,Mainland China,01/29/2020,1,Hainan,0
25,14,Mainland China,01/29/2020,0,Jilin,1
21,35,Mainland China,01/29/2020,0,Shanxi,1
22,27,Mainland China,01/29/2020,0,Tianjin,0
23,26,Mainland China,01/29/2020,0,Gansu,0
24,16,Mainland China,01/29/2020,0,Inner Mongolia,0
14,78,Mainland China,01/29/2020,0,Guangxi,2
20,39,Mainland China,01/29/2020,0,Liaoning,1
13,101,Mainland China,01/29/2020,0,Fujian,0
19,43,Mainland China,01/29/2020,1,Heilongjiang,0
11,111,Mainland China,01/29/2020,1,Beijing,4
10,129,Mainland China,01/29/2020,0,Jiangsu,1
9,142,Mainland China,01/29/2020,1,Sichuan,1
8,145,Mainland China,01/29/2020,0,Shandong,1
7,162,Mainland China,01/29/2020,0,Jiangxi,4
6,165,Mainland China,01/29/2020,0,Chongqing,1
5,200,Mainland China,01/29/2020,0,Anhui,2
4,277,Mainland China,01/29/2020,0,Hunan,0
3,278,Mainland China,01/29/2020,2,Henan,2
2,311,Mainland China,01/29/2020,0,Guangdong,6
1,428,Mainland China,01/29/2020,0,Zhejiang,4
0,4586,Mainland China,01/29/2020,162,Hubei,90
12,101,Mainland China,01/29/2020,1,Shanghai,5
27,12,Mainland China,01/29/2020,0,Guizhou,1
26,14,Mainland China,01/29/2020,0,Xinjiang,0
29,10,Hong Kong,01/29/2020,0,Hong Kong,0
28,12,Mainland China,01/29/2020,0,Ningxia,0
55,4,United Arab Emirates,01/29/2020,0,,0
54,1,Finland,01/29/2020,0,,0
53,4,Germany,01/29/2020,0,Bavaria,0
52,1,Australia,01/29/2020,0,Queensland,0
51,2,Australia,01/29/2020,0,Victoria,0
50,4,Australia,01/29/2020,0,New South Wales,0
48,1,Cambodia,01/29/2020,0,,0
47,1,Canada,01/29/2020,0,British Columbia,0
46,2,Canada,01/29/2020,0,Ontario,0
45,7,Malaysia,01/29/2020,0,,0
44,1,Nepal,01/29/2020,0,,0
43,5,France,01/29/2020,0,,0
49,1,Sri Lanka,01/29/2020,0,,0
41,10,Singapore,01/29/2020,0,,0
30,8,Taiwan,01/29/2020,0,Taiwan,0
42,2,Vietnam,01/29/2020,0,,0
31,7,Macau,01/29/2020,0,Macau,0
32,6,Mainland China,01/29/2020,0,Qinghai,0
33,1,Mainland China,01/29/2020,0,Tibet,0
35,1,US,01/29/2020,0,Illinois,0
34,1,US,01/29/2020,0,Washington,0
37,1,US,01/29/2020,0,Arizona,0
38,11,Japan,01/29/2020,0,,1
39,14,Thailand,01/29/2020,0,,5
40,4,South Korea,01/29/2020,0,,0
36,2,US,01/29/2020,0,California,0
19,50,Mainland China,01/30/2020,1,Hainan,1
16,76,Mainland China,01/30/2020,0,Yunnan,0
17,87,Mainland China,01/30/2020,0,Shaanxi,0
18,59,Mainland China,01/30/2020,2,Heilongjiang,0
20,45,Mainland China,01/30/2020,0,Liaoning,1
26,17,Mainland China,01/30/2020,0,Xinjiang,0
22,32,Mainland China,01/30/2020,0,Tianjin,0
23,29,Mainland China,01/30/2020,0,Gansu,0
24,21,Mainland China,01/30/2020,0,Ningxia,1
25,20,Mainland China,01/30/2020,0,Inner Mongolia,0
15,82,Mainland China,01/30/2020,1,Hebei,0
21,39,Mainland China,01/30/2020,0,Shanxi,1
14,87,Mainland China,01/30/2020,0,Guangxi,2
1,537,Mainland China,01/30/2020,0,Zhejiang,9
12,121,Mainland China,01/30/2020,1,Beijing,5
11,128,Mainland China,01/30/2020,1,Shanghai,9
10,168,Mainland China,01/30/2020,0,Jiangsu,2
9,177,Mainland China,01/30/2020,1,Sichuan,1
8,178,Mainland China,01/30/2020,0,Shandong,2
7,206,Mainland China,01/30/2020,0,Chongqing,1
6,237,Mainland China,01/30/2020,0,Anhui,3
5,240,Mainland China,01/30/2020,0,Jiangxi,7
4,332,Mainland China,01/30/2020,0,Hunan,2
3,352,Mainland China,01/30/2020,2,Henan,3
2,393,Mainland China,01/30/2020,0,Guangdong,11
27,15,Mainland China,01/30/2020,0,Guizhou,1
0,5806,Mainland China,01/30/2020,204,Hubei,116
13,101,Mainland China,01/30/2020,0,Fujian,0
28,14,Mainland China,01/30/2020,0,Jilin,1
32,7,Macau,01/30/2020,0,Macau,0
30,9,Taiwan,01/30/2020,0,Taiwan,0
58,2,Italy,01/30/2020,0,,0
57,1,India,01/30/2020,0,,0
56,1,Philippines,01/30/2020,0,,0
29,12,Hong Kong,01/30/2020,0,Hong Kong,0
54,1,Finland,01/30/2020,0,,0
53,4,Germany,01/30/2020,0,Bavaria,0
52,3,Australia,01/30/2020,0,Queensland,0
51,2,Australia,01/30/2020,0,Victoria,0
50,4,Australia,01/30/2020,0,New South Wales,2
49,1,Sri Lanka,01/30/2020,0,,0
48,1,Cambodia,01/30/2020,0,,0
47,1,Canada,01/30/2020,0,British Columbia,0
46,2,Canada,01/30/2020,0,Ontario,0
55,4,United Arab Emirates,01/30/2020,0,,0
44,1,Nepal,01/30/2020,0,,0
45,8,Malaysia,01/30/2020,0,,0
31,8,Mainland China,01/30/2020,0,Qinghai,0
34,1,US,01/30/2020,0,Washington,0
35,2,US,01/30/2020,0,Illinois,0
36,2,US,01/30/2020,0,California,0
37,1,US,01/30/2020,0,Arizona,0
33,1,Mainland China,01/30/2020,0,Tibet,0
39,14,Thailand,01/30/2020,0,,5
40,6,South Korea,01/30/2020,0,,0
41,10,Singapore,01/30/2020,0,,0
42,2,Vietnam,01/30/2020,0,,0
43,5,France,01/30/2020,0,,0
38,11,Japan,01/30/2020,0,,1
50,2,UK,01/31/2020,0,,0
43,3,Australia,01/31/2020,0,Victoria,0
44,2,US,01/31/2020,0,Illinois,0
45,3,US,01/31/2020,0,California,0
46,2,Vietnam,01/31/2020,0,,0
47,2,Canada,01/31/2020,0,Ontario,0
48,2,Australia,01/31/2020,0,Queensland,0
49,2,Italy,01/31/2020,0,,0
51,2,Russia,01/31/2020,0,,0
58,1,Finland,01/31/2020,0,,0
53,1,US,01/31/2020,0,Arizona,0
54,1,Nepal,01/31/2020,0,,0
55,1,Canada,01/31/2020,0,British Columbia,0
56,1,Cambodia,01/31/2020,0,,0
57,1,Sri Lanka,01/31/2020,0,,0
59,1,Philippines,01/31/2020,0,,0
60,1,India,01/31/2020,0,,0
61,1,Sweden,01/31/2020,0,,0
52,1,US,01/31/2020,0,Washington,0
42,4,United Arab Emirates,01/31/2020,0,,0
41,4,Australia,01/31/2020,0,New South Wales,2
39,5,France,01/31/2020,0,,0
16,83,Mainland China,01/31/2020,0,Yunnan,1
15,87,Mainland China,01/31/2020,0,Shaanxi,0
14,87,Mainland China,01/31/2020,0,Guangxi,2
13,120,Mainland China,01/31/2020,0,Fujian,0
12,135,Mainland China,01/31/2020,1,Shanghai,9
11,139,Mainland China,01/31/2020,1,Beijing,5
10,168,Mainland China,01/31/2020,0,Jiangsu,5
9,177,Mainland China,01/31/2020,1,Sichuan,1
8,184,Mainland China,01/31/2020,0,Shandong,2
7,211,Mainland China,01/31/2020,0,Chongqing,1
6,237,Mainland China,01/31/2020,0,Anhui,3
5,240,Mainland China,01/31/2020,0,Jiangxi,7
4,332,Mainland China,01/31/2020,0,Hunan,2
2,436,Mainland China,01/31/2020,0,Guangdong,11
1,538,Mainland China,01/31/2020,0,Zhejiang,14
0,5806,Mainland China,01/31/2020,204,Hubei,141
40,5,Germany,01/31/2020,0,Bavaria,0
17,82,Mainland China,01/31/2020,1,Hebei,0
18,59,Mainland China,01/31/2020,2,Heilongjiang,0
3,352,Mainland China,01/31/2020,2,Henan,3
20,48,Mainland China,01/31/2020,0,Liaoning,1
19,52,Mainland China,01/31/2020,1,Hainan,1
38,8,Malaysia,01/31/2020,0,,0
37,11,South Korea,01/31/2020,0,,0
35,15,Japan,01/31/2020,0,,1
34,19,Thailand,01/31/2020,0,,5
33,1,Mainland China,01/31/2020,0,Tibet,0
32,7,Macau,01/31/2020,0,Macau,0
31,8,Mainland China,01/31/2020,0,Qinghai,0
30,10,Taiwan,01/31/2020,0,Taiwan,0
36,13,Singapore,01/31/2020,0,,0
28,14,Mainland China,01/31/2020,0,Jilin,1
27,17,Mainland China,01/31/2020,0,Xinjiang,0
26,20,Mainland China,01/31/2020,0,Inner Mongolia,1
25,21,Mainland China,01/31/2020,0,Ningxia,0
24,29,Mainland China,01/31/2020,0,Gansu,0
23,29,Mainland China,01/31/2020,0,Guizhou,2
22,32,Mainland China,01/31/2020,0,Tianjin,0
29,12,Hong Kong,01/31/2020,0,Hong Kong,0
21,39,Mainland China,01/31/2020,0,Shanxi,1
18,93,Mainland China,02/01/2020,0,Yunnan,2
19,64,Mainland China,02/01/2020,0,Liaoning,1
20,63,Mainland China,02/01/2020,1,Hainan,1
21,56,Mainland China,02/01/2020,0,Shanxi,1
22,45,Mainland China,02/01/2020,0,Tianjin,0
23,40,Mainland China,02/01/2020,0,Gansu,0
27,23,Mainland China,02/01/2020,0,Jilin,1
25,28,Mainland China,02/01/2020,0,Ningxia,0
26,27,Mainland China,02/01/2020,0,Inner Mongolia,1
28,21,Mainland China,02/01/2020,0,Xinjiang,0
29,20,Japan,02/01/2020,0,,1
17,95,Mainland China,02/01/2020,2,Heilongjiang,2
30,19,Thailand,02/01/2020,0,,5
24,38,Mainland China,02/01/2020,0,Guizhou,2
16,104,Mainland China,02/01/2020,1,Hebei,3
6,333,Mainland China,02/01/2020,0,Jiangxi,10
14,116,Mainland China,02/01/2020,0,Shaanxi,0
13,159,Mainland China,02/01/2020,0,Fujian,0
12,177,Mainland China,02/01/2020,1,Shanghai,10
11,183,Mainland China,02/01/2020,1,Beijing,9
10,225,Mainland China,02/01/2020,0,Shandong,5
9,231,Mainland China,02/01/2020,1,Sichuan,3
8,236,Mainland China,02/01/2020,0,Jiangsu,6
7,262,Mainland China,02/01/2020,1,Chongqing,3
5,340,Mainland China,02/01/2020,0,Anhui,5
4,463,Mainland China,02/01/2020,0,Hunan,8
2,604,Mainland China,02/01/2020,0,Guangdong,14
1,661,Mainland China,02/01/2020,0,Zhejiang,23
0,9074,Mainland China,02/01/2020,294,Hubei,215
31,18,Singapore,02/01/2020,0,,0
15,111,Mainland China,02/01/2020,0,Guangxi,2
32,15,South Korea,02/01/2020,0,,0
3,493,Mainland China,02/01/2020,2,Henan,4
34,10,Taiwan,02/01/2020,0,Taiwan,0
53,1,Canada,02/01/2020,0,British Columbia,0
54,1,Finland,02/01/2020,0,,0
55,1,India,02/01/2020,0,,0
56,1,Mainland China,02/01/2020,0,Tibet,0
57,1,Nepal,02/01/2020,0,,0
58,1,Spain,02/01/2020,0,,0
52,1,Cambodia,02/01/2020,0,,0
59,1,Sri Lanka,02/01/2020,0,,0
61,1,US,02/01/2020,0,"Boston, MA",0
62,1,US,02/01/2020,0,"Los Angeles, CA",0
66,1,US,02/01/2020,0,"Tempe, AZ",0
63,1,US,02/01/2020,0,"Orange, CA",0
64,1,US,02/01/2020,0,"Santa Clara, CA",0
65,1,US,02/01/2020,0,"Seattle, WA",0
60,1,Sweden,02/01/2020,0,,0
51,2,Australia,02/01/2020,0,South Australia,0
33,14,Hong Kong,02/01/2020,0,Hong Kong,0
49,2,UK,02/01/2020,0,,0
50,2,US,02/01/2020,0,"Chicago, IL",0
35,9,Mainland China,02/01/2020,0,Qinghai,0
36,8,Germany,02/01/2020,0,,0
37,8,Malaysia,02/01/2020,0,,0
38,7,Macau,02/01/2020,0,Macau,0
40,6,Vietnam,02/01/2020,0,,1
41,4,Australia,02/01/2020,0,New South Wales,2
39,6,France,02/01/2020,0,,0
43,4,United Arab Emirates,02/01/2020,0,,0
44,2,Australia,02/01/2020,0,Queensland,0
45,3,Canada,02/01/2020,0,Ontario,0
46,2,Italy,02/01/2020,0,,0
47,2,Philippines,02/01/2020,1,,0
48,2,Russia,02/01/2020,0,,0
42,4,Australia,02/01/2020,0,Victoria,0
23,48,Mainland China,02/02/2020,0,Tianjin,1
19,71,Mainland China,02/02/2020,1,Hainan,4
20,70,Mainland China,02/02/2020,0,Liaoning,1
21,66,Mainland China,02/02/2020,0,Shanxi,3
22,51,Mainland China,02/02/2020,0,Gansu,3
24,46,Mainland China,02/02/2020,0,Guizhou,2
31,18,Singapore,02/02/2020,0,,0
26,28,Mainland China,02/02/2020,0,Ningxia,0
27,27,Mainland China,02/02/2020,0,Inner Mongolia,1
28,24,Mainland China,02/02/2020,0,Xinjiang,0
29,20,Japan,02/02/2020,0,,1
30,19,Thailand,02/02/2020,0,,5
18,95,Mainland China,02/02/2020,2,Heilongjiang,2
25,31,Mainland China,02/02/2020,0,Jilin,1
17,105,Mainland China,02/02/2020,0,Yunnan,3
9,254,Mainland China,02/02/2020,1,Sichuan,12
15,116,Mainland China,02/02/2020,0,Shaanxi,0
32,15,Hong Kong,02/02/2020,0,Hong Kong,0
1,724,Mainland China,02/02/2020,0,Zhejiang,36
2,683,Mainland China,02/02/2020,0,Guangdong,15
3,566,Mainland China,02/02/2020,2,Henan,14
4,521,Mainland China,02/02/2020,0,Hunan,16
5,408,Mainland China,02/02/2020,0,Anhui,7
16,113,Mainland China,02/02/2020,1,Hebei,3
6,391,Mainland China,02/02/2020,0,Jiangxi,18
8,271,Mainland China,02/02/2020,0,Jiangsu,7
10,246,Mainland China,02/02/2020,0,Shandong,6
11,193,Mainland China,02/02/2020,1,Shanghai,10
12,191,Mainland China,02/02/2020,1,Beijing,9
13,159,Mainland China,02/02/2020,0,Fujian,0
14,127,Mainland China,02/02/2020,0,Guangxi,2
7,300,Mainland China,02/02/2020,2,Chongqing,7
0,11177,Mainland China,02/02/2020,350,Hubei,295
33,15,South Korea,02/02/2020,0,,0
35,10,Germany,02/02/2020,0,,0
34,11,Mainland China,02/02/2020,0,Qinghai,0
66,1,US,02/02/2020,0,"Tempe, AZ",0
65,1,US,02/02/2020,0,"Seattle, WA",0
64,1,US,02/02/2020,0,"Orange, CA",0
63,1,US,02/02/2020,0,"Los Angeles, CA",0
62,1,US,02/02/2020,0,"Boston, MA",0
61,1,Sweden,02/02/2020,0,,0
60,1,Sri Lanka,02/02/2020,0,,0
59,1,Spain,02/02/2020,0,,0
57,1,Mainland China,02/02/2020,0,Tibet,0
56,1,Finland,02/02/2020,0,,0
55,1,Canada,02/02/2020,0,British Columbia,0
54,1,Cambodia,02/02/2020,0,,0
53,2,US,02/02/2020,0,"Santa Clara, CA",0
52,2,US,02/02/2020,0,"Chicago, IL",0
58,1,Nepal,02/02/2020,0,,0
50,2,Russia,02/02/2020,0,,0
51,2,UK,02/02/2020,0,,0
37,8,Macau,02/02/2020,0,Macau,0
38,8,Malaysia,02/02/2020,0,,0
39,6,France,02/02/2020,0,,0
40,6,Vietnam,02/02/2020,0,,1
41,5,United Arab Emirates,02/02/2020,0,,0
42,4,Australia,02/02/2020,0,New South Wales,2
36,10,Taiwan,02/02/2020,0,Taiwan,0
44,3,Canada,02/02/2020,0,Ontario,0
45,2,Australia,02/02/2020,0,Queensland,0
46,2,Australia,02/02/2020,0,South Australia,0
47,2,India,02/02/2020,0,,0
48,2,Italy,02/02/2020,0,,0
49,2,Philippines,02/02/2020,1,,0
43,4,Australia,02/02/2020,0,Victoria,0
19,79,Mainland China,02/03/2020,1,Hainan,4
20,74,Mainland China,02/03/2020,0,Liaoning,1
21,74,Mainland China,02/03/2020,0,Shanxi,2
22,60,Mainland China,02/03/2020,0,Tianjin,1
23,56,Mainland China,02/03/2020,0,Guizhou,2
24,55,Mainland China,02/03/2020,0,Gansu,3
28,29,Mainland China,02/03/2020,0,Xinjiang,0
26,34,Mainland China,02/03/2020,0,Inner Mongolia,1
27,34,Mainland China,02/03/2020,0,Ningxia,1
29,20,Japan,02/03/2020,0,,1
30,19,Thailand,02/03/2020,0,,5
31,18,Singapore,02/03/2020,0,,0
18,117,Mainland China,02/03/2020,0,Yunnan,5
25,42,Mainland China,02/03/2020,0,Jilin,1
17,126,Mainland China,02/03/2020,1,Hebei,3
0,13522,Mainland China,02/03/2020,414,Hubei,396
32,15,Hong Kong,02/03/2020,0,Hong Kong,0
1,829,Mainland China,02/03/2020,0,Zhejiang,48
2,797,Mainland China,02/03/2020,0,Guangdong,21
3,675,Mainland China,02/03/2020,2,Henan,20
4,593,Mainland China,02/03/2020,0,Hunan,22
5,480,Mainland China,02/03/2020,0,Anhui,14
6,476,Mainland China,02/03/2020,0,Jiangxi,19
16,139,Mainland China,02/03/2020,0,Guangxi,7
7,337,Mainland China,02/03/2020,2,Chongqing,9
9,282,Mainland China,02/03/2020,1,Sichuan,14
10,270,Mainland China,02/03/2020,0,Shandong,7
11,212,Mainland China,02/03/2020,1,Beijing,12
12,208,Mainland China,02/03/2020,1,Shanghai,10
13,179,Mainland China,02/03/2020,0,Fujian,1
14,155,Mainland China,02/03/2020,2,Heilongjiang,2
8,308,Mainland China,02/03/2020,0,Jiangsu,8
33,15,Mainland China,02/03/2020,0,Qinghai,0
15,142,Mainland China,02/03/2020,0,Shaanxi,1
35,12,Germany,02/03/2020,0,,0
55,1,Cambodia,02/03/2020,0,,0
56,1,Canada,02/03/2020,0,British Columbia,0
57,1,Canada,02/03/2020,0,"London, ON",0
58,1,Finland,02/03/2020,0,,0
59,1,Mainland China,02/03/2020,0,Tibet,0
60,1,Nepal,02/03/2020,0,,0
54,2,US,02/03/2020,0,"Santa Clara, CA",0
61,1,Spain,02/03/2020,0,,0
63,1,Sweden,02/03/2020,0,,0
64,1,US,02/03/2020,0,"Boston, MA",0
65,1,US,02/03/2020,0,"Los Angeles, CA",0
66,1,US,02/03/2020,0,"Orange, CA",0
67,1,US,02/03/2020,0,"Seattle, WA",0
68,1,US,02/03/2020,0,"Tempe, AZ",0
62,1,Sri Lanka,02/03/2020,0,,0
53,2,US,02/03/2020,0,"San Benito, CA",0
34,15,South Korea,02/03/2020,0,,0
51,2,UK,02/03/2020,0,,0
36,10,Taiwan,02/03/2020,0,Taiwan,0
37,8,Macau,02/03/2020,0,Macau,0
38,8,Malaysia,02/03/2020,0,,0
39,8,Vietnam,02/03/2020,0,,1
52,2,US,02/03/2020,0,"Chicago, IL",0
41,5,United Arab Emirates,02/03/2020,0,,0
42,4,Australia,02/03/2020,0,New South Wales,2
40,6,France,02/03/2020,0,,0
44,3,India,02/03/2020,0,,0
45,2,Australia,02/03/2020,0,Queensland,0
46,2,Australia,02/03/2020,0,South Australia,0
47,2,Canada,02/03/2020,0,"Toronto, ON",0
48,2,Italy,02/03/2020,0,,0
49,2,Philippines,02/03/2020,1,,0
50,2,Russia,02/03/2020,0,,0
43,4,Australia,02/03/2020,0,Victoria,0
18,122,Mainland China,02/04/2020,0,Yunnan,5
19,91,Mainland China,02/04/2020,1,Hainan,4
20,81,Mainland China,02/04/2020,0,Liaoning,2
21,81,Mainland China,02/04/2020,0,Shanxi,4
22,67,Mainland China,02/04/2020,0,Tianjin,2
23,64,Mainland China,02/04/2020,0,Guizhou,5
31,22,Japan,02/04/2020,0,,1
25,54,Mainland China,02/04/2020,0,Jilin,1
26,42,Mainland China,02/04/2020,0,Inner Mongolia,1
27,34,Mainland China,02/04/2020,0,Ningxia,1
28,32,Mainland China,02/04/2020,0,Xinjiang,0
29,25,Thailand,02/04/2020,0,,5
30,24,Singapore,02/04/2020,0,,0
17,135,Mainland China,02/04/2020,1,Hebei,4
24,57,Mainland China,02/04/2020,0,Gansu,4
16,150,Mainland China,02/04/2020,0,Guangxi,10
8,341,Mainland China,02/04/2020,0,Jiangsu,13
14,190,Mainland China,02/04/2020,2,Heilongjiang,4
32,18,Hong Kong,02/04/2020,1,Hong Kong,0
0,16678,Mainland China,02/04/2020,479,Hubei,522
1,895,Mainland China,02/04/2020,0,Zhejiang,63
2,870,Mainland China,02/04/2020,0,Guangdong,32
3,764,Mainland China,02/04/2020,2,Henan,41
4,661,Mainland China,02/04/2020,0,Hunan,35
15,165,Mainland China,02/04/2020,0,Shaanxi,2
5,548,Mainland China,02/04/2020,0,Jiangxi,27
7,366,Mainland China,02/04/2020,2,Chongqing,14
9,301,Mainland China,02/04/2020,1,Sichuan,23
10,298,Mainland China,02/04/2020,0,Shandong,13
11,233,Mainland China,02/04/2020,1,Shanghai,12
12,228,Mainland China,02/04/2020,1,Beijing,23
13,194,Mainland China,02/04/2020,0,Fujian,3
6,530,Mainland China,02/04/2020,0,Anhui,20
33,17,Mainland China,02/04/2020,0,Qinghai,0
34,16,South Korea,02/04/2020,0,,0
35,12,Germany,02/04/2020,0,,0
55,1,Belgium,02/04/2020,0,,0
56,1,Cambodia,02/04/2020,0,,0
57,1,Canada,02/04/2020,0,British Columbia,0
58,1,Canada,02/04/2020,0,"London, ON",0
69,1,US,02/04/2020,0,"Tempe, AZ",0
60,1,Mainland China,02/04/2020,0,Tibet,0
54,2,US,02/04/2020,0,"Santa Clara, CA",0
61,1,Nepal,02/04/2020,0,,0
63,1,Sri Lanka,02/04/2020,0,,0
64,1,Sweden,02/04/2020,0,,0
65,1,US,02/04/2020,0,"Boston, MA",0
66,1,US,02/04/2020,0,"Los Angeles, CA",0
67,1,US,02/04/2020,0,"Orange, CA",0
68,1,US,02/04/2020,0,"Seattle, WA",0
62,1,Spain,02/04/2020,0,,0
53,2,US,02/04/2020,0,"San Benito, CA",0
59,1,Finland,02/04/2020,0,,0
51,2,UK,02/04/2020,0,,0
52,2,US,02/04/2020,0,"Chicago, IL",0
37,10,Macau,02/04/2020,0,Macau,0
38,10,Malaysia,02/04/2020,0,,0
39,8,Vietnam,02/04/2020,0,,1
40,6,France,02/04/2020,0,,0
41,5,United Arab Emirates,02/04/2020,0,,0
42,4,Australia,02/04/2020,0,New South Wales,2
36,11,Taiwan,02/04/2020,0,Taiwan,0
44,3,Australia,02/04/2020,0,Queensland,0
45,3,India,02/04/2020,0,,0
46,2,Australia,02/04/2020,0,South Australia,0
47,2,Canada,02/04/2020,0,"Toronto, ON",0
48,2,Italy,02/04/2020,0,,0
49,2,Philippines,02/04/2020,1,,0
50,2,Russia,02/04/2020,0,,0
43,4,Australia,02/04/2020,0,Victoria,0
18,124,Mainland China,02/05/2020,0,Yunnan,5
19,99,Mainland China,02/05/2020,1,Hainan,5
20,89,Mainland China,02/05/2020,0,Liaoning,4
21,81,Mainland China,02/05/2020,0,Shanxi,5
22,69,Mainland China,02/05/2020,1,Tianjin,2
23,64,Mainland China,02/05/2020,1,Guizhou,9
27,34,Mainland China,02/05/2020,0,Ningxia,1
25,54,Mainland China,02/05/2020,0,Jilin,2
26,42,Mainland China,02/05/2020,0,Inner Mongolia,3
28,32,Mainland China,02/05/2020,0,Xinjiang,0
29,28,Singapore,02/05/2020,0,,0
30,25,Thailand,02/05/2020,0,,5
31,22,Japan,02/05/2020,0,,1
24,62,Mainland China,02/05/2020,0,Gansu,6
17,135,Mainland China,02/05/2020,1,Hebei,6
0,16678,Mainland China,02/05/2020,479,Hubei,538
15,165,Mainland China,02/05/2020,0,Shaanxi,6
32,21,Hong Kong,02/05/2020,1,Hong Kong,0
1,895,Mainland China,02/05/2020,0,Guangdong,49
2,895,Mainland China,02/05/2020,0,Zhejiang,78
3,764,Mainland China,02/05/2020,2,Henan,47
4,661,Mainland China,02/05/2020,0,Hunan,54
5,548,Mainland China,02/05/2020,0,Jiangxi,27
6,530,Mainland China,02/05/2020,0,Anhui,23
7,376,Mainland China,02/05/2020,2,Chongqing,15
8,341,Mainland China,02/05/2020,0,Jiangsu,23
9,307,Mainland China,02/05/2020,0,Shandong,15
10,301,Mainland China,02/05/2020,1,Sichuan,24
11,253,Mainland China,02/05/2020,1,Beijing,24
12,243,Mainland China,02/05/2020,1,Shanghai,15
13,205,Mainland China,02/05/2020,0,Fujian,11
14,190,Mainland China,02/05/2020,2,Heilongjiang,7
16,150,Mainland China,02/05/2020,0,Guangxi,13
33,19,South Korea,02/05/2020,0,,0
51,2,UK,02/05/2020,0,,0
35,12,Germany,02/05/2020,0,,0
56,1,Cambodia,02/05/2020,0,,0
57,1,Canada,02/05/2020,0,British Columbia,0
58,1,Canada,02/05/2020,0,"London, ON",0
59,1,Finland,02/05/2020,0,,0
34,17,Mainland China,02/05/2020,0,Qinghai,3
61,1,Nepal,02/05/2020,0,,0
55,1,Belgium,02/05/2020,0,,0
62,1,Spain,02/05/2020,0,,0
64,1,Sweden,02/05/2020,0,,0
65,1,US,02/05/2020,0,"Boston, MA",0
66,1,US,02/05/2020,0,"Los Angeles, CA",0
67,1,US,02/05/2020,0,"Orange, CA",0
68,1,US,02/05/2020,0,"Seattle, WA",0
69,1,US,02/05/2020,0,"Tempe, AZ",0
63,1,Sri Lanka,02/05/2020,0,,0
54,2,US,02/05/2020,0,"Santa Clara, CA",0
60,1,Mainland China,02/05/2020,0,Tibet,0
52,2,US,02/05/2020,0,"Chicago, IL",0
53,2,US,02/05/2020,0,"San Benito, CA",0
37,11,Taiwan,02/05/2020,0,Taiwan,0
38,10,Macau,02/05/2020,0,Macau,0
39,8,Vietnam,02/05/2020,0,,1
40,6,France,02/05/2020,0,,0
41,5,United Arab Emirates,02/05/2020,0,,0
42,4,Australia,02/05/2020,0,New South Wales,2
36,12,Malaysia,02/05/2020,0,,0
44,3,Australia,02/05/2020,0,Queensland,0
45,3,India,02/05/2020,0,,0
46,2,Australia,02/05/2020,0,South Australia,0
47,2,Canada,02/05/2020,0,"Toronto, ON",0
48,2,Italy,02/05/2020,0,,0
49,2,Philippines,02/05/2020,1,,0
50,2,Russia,02/05/2020,0,,0
43,4,Australia,02/05/2020,0,Victoria,0
19,106,Mainland China,02/06/2020,2,Hainan,8
20,96,Mainland China,02/06/2020,0,Shanxi,12
21,94,Mainland China,02/06/2020,0,Liaoning,5
22,79,Mainland China,02/06/2020,1,Tianjin,2
23,71,Mainland China,02/06/2020,1,Guizhou,6
24,65,Mainland China,02/06/2020,1,Jilin,4
28,40,Mainland China,02/06/2020,0,Ningxia,1
26,46,Mainland China,02/06/2020,0,Inner Mongolia,4
27,45,Japan,02/06/2020,0,,1
29,36,Mainland China,02/06/2020,0,Xinjiang,0
30,28,Singapore,02/06/2020,0,,0
31,25,Thailand,02/06/2020,0,,5
32,24,Hong Kong,02/06/2020,1,Hong Kong,0
25,62,Mainland China,02/06/2020,0,Gansu,6
18,133,Mainland China,02/06/2020,0,Yunnan,7
1,970,Mainland China,02/06/2020,0,Guangdong,69
16,172,Mainland China,02/06/2020,0,Guangxi,17
33,23,South Korea,02/06/2020,0,,0
2,954,Mainland China,02/06/2020,0,Zhejiang,94
3,851,Mainland China,02/06/2020,2,Henan,56
4,711,Mainland China,02/06/2020,0,Hunan,81
5,600,Mainland China,02/06/2020,0,Jiangxi,37
6,591,Mainland China,02/06/2020,0,Anhui,34
7,411,Mainland China,02/06/2020,2,Chongqing,24
8,373,Mainland China,02/06/2020,0,Jiangsu,34
9,347,Mainland China,02/06/2020,0,Shandong,27
10,344,Mainland China,02/06/2020,1,Sichuan,37
11,274,Mainland China,02/06/2020,1,Beijing,31
12,269,Mainland China,02/06/2020,1,Shanghai,25
13,227,Mainland China,02/06/2020,3,Heilongjiang,8
14,215,Mainland China,02/06/2020,0,Fujian,14
15,173,Mainland China,02/06/2020,0,Shaanxi,9
17,171,Mainland China,02/06/2020,1,Hebei,16
34,18,Mainland China,02/06/2020,0,Qinghai,3
52,2,UK,02/06/2020,0,,0
36,12,Germany,02/06/2020,0,,0
57,1,Cambodia,02/06/2020,0,,0
58,1,Canada,02/06/2020,0,"London, ON",0
59,1,Finland,02/06/2020,0,,0
60,1,Mainland China,02/06/2020,0,Tibet,0
61,1,Nepal,02/06/2020,0,,0
62,1,Spain,02/06/2020,0,,0
56,1,Belgium,02/06/2020,0,,0
63,1,Sri Lanka,02/06/2020,0,,0
65,1,US,02/06/2020,0,"Boston, MA",0
66,1,US,02/06/2020,0,"Los Angeles, CA",0
67,1,US,02/06/2020,0,"Madison, WI",0
68,1,US,02/06/2020,0,"Orange, CA",0
69,1,US,02/06/2020,0,"Seattle, WA",0
70,1,US,02/06/2020,0,"Tempe, AZ",0
64,1,Sweden,02/06/2020,0,,0
55,2,US,02/06/2020,0,"Santa Clara, CA",0
54,2,US,02/06/2020,0,"San Benito, CA",0
53,2,US,02/06/2020,0,"Chicago, IL",0
37,12,Malaysia,02/06/2020,0,,0
38,10,Macau,02/06/2020,0,Macau,1
39,10,Vietnam,02/06/2020,0,,1
40,6,France,02/06/2020,0,,0
41,5,United Arab Emirates,02/06/2020,0,,0
42,4,Australia,02/06/2020,0,New South Wales,2
43,4,Australia,02/06/2020,0,Queensland,0
44,4,Australia,02/06/2020,0,Victoria,0
45,3,India,02/06/2020,0,,0
46,2,Australia,02/06/2020,0,South Australia,0
47,2,Canada,02/06/2020,0,British Columbia,0
48,2,Canada,02/06/2020,0,"Toronto, ON",0
49,2,Italy,02/06/2020,0,,0
50,2,Philippines,02/06/2020,1,,0
51,2,Russia,02/06/2020,0,,0
35,16,Taiwan,02/06/2020,0,Taiwan,1
0,22112,Mainland China,02/06/2020,618,Hubei,817
